id_transaction,City,Date,Value_Price,ID_City,TotalProd,Value_Checkout,Year_Checkout,Month_Checkout,Day_Checkout,Quarter
0,Aracaju,2018-01-01,142.0,1520,1,142.0,2018,1,1,1
1,Aracaju,2018-01-01,14.21,1522,6,85.26,2018,1,1,1
2,Aracaju,2018-01-01,71.55,1520,1,71.55,2018,1,1,1
3,Aracaju,2018-01-01,3.01,1521,7,21.07,2018,1,1,1
4,Aracaju,2018-01-01,24.51,1522,8,196.08,2018,1,1,1
5,Aracaju,2018-01-01,156.2,1522,1,156.2,2018,1,1,1
6,Aracaju,2018-01-01,35.5,1522,2,71.0,2018,1,1,1
7,Aracaju,2019-01-01,172.22,1522,6,1033.32,2019,1,1,1
8,Aracaju,2019-01-01,12.16,1523,1,12.16,2019,1,1,1
9,Aracaju,2019-01-01,149.36,1523,3,448.08000000000004,2019,1,1,1
10,Aracaju,2019-01-01,42.34,1522,6,254.04000000000002,2019,1,1,1
11,Aracaju,2019-01-01,161.53,1520,4,646.12,2019,1,1,1
12,Aracaju,2019-01-01,9.78,1520,8,78.24,2019,1,1,1
13,Aracaju,2018-01-01,43.45,1522,10,434.5,2018,1,1,1
14,Aracaju,2018-01-01,148.21,1521,3,444.63,2018,1,1,1
15,Aracaju,2018-01-01,153.28,1523,6,919.6800000000001,2018,1,1,1
16,Aracaju,2018-01-01,37.68,1522,10,376.8,2018,1,1,1
17,Aracaju,2018-01-01,162.19,1522,9,1459.71,2018,1,1,1
18,Aracaju,2018-01-01,32.14,1522,6,192.84,2018,1,1,1
19,Aracaju,2018-01-01,43.96,1520,9,395.64,2018,1,1,1
20,Aracaju,2018-01-01,39.86,1522,9,358.74,2018,1,1,1
21,Aracaju,2018-01-01,37.36,1520,2,74.72,2018,1,1,1
22,Aracaju,2018-01-01,150.94,1522,1,150.94,2018,1,1,1
23,Aracaju,2018-01-01,237.5,1523,7,1662.5,2018,1,1,1
24,Aracaju,2018-01-01,151.04,1522,6,906.24,2018,1,1,1
25,Aracaju,2018-01-01,34.66,1521,8,277.28,2018,1,1,1
26,Aracaju,2018-01-01,6.98,1521,10,69.80000000000001,2018,1,1,1
27,Aracaju,2018-01-01,3.39,1523,4,13.56,2018,1,1,1
28,Aracaju,2018-01-01,114.93,1520,5,574.6500000000001,2018,1,1,1
29,Aracaju,2018-01-01,44.04,1520,6,264.24,2018,1,1,1
30,Aracaju,2018-01-01,119.21,1520,8,953.68,2018,1,1,1
31,Aracaju,2018-01-01,171.16,1520,9,1540.44,2018,1,1,1
32,Aracaju,2018-01-01,42.97,1522,6,257.82,2018,1,1,1
33,Aracaju,2018-01-01,35.09,1523,4,140.36,2018,1,1,1
34,Aracaju,2018-01-01,38.25,1521,6,229.5,2018,1,1,1
35,Aracaju,2018-01-01,40.6,1520,3,121.80000000000001,2018,1,1,1
36,Aracaju,2018-01-01,37.99,1523,8,303.92,2018,1,1,1
37,Aracaju,2018-01-01,152.74,1522,9,1374.66,2018,1,1,1
38,Aracaju,2018-01-01,142.46,1520,1,142.46,2018,1,1,1
39,Aracaju,2018-01-01,11.11,1522,8,88.88,2018,1,1,1
40,Aracaju,2018-01-01,6.99,1522,7,48.93,2018,1,1,1
41,Aracaju,2018-01-01,229.64,1520,8,1837.12,2018,1,1,1
42,Aracaju,2018-01-01,40.0,1520,8,320.0,2018,1,1,1
43,Aracaju,2018-01-01,19.63,1523,9,176.67,2018,1,1,1
44,Aracaju,2018-01-01,11.42,1520,5,57.1,2018,1,1,1
45,Aracaju,2018-01-01,131.12,1523,5,655.6,2018,1,1,1
46,Aracaju,2018-01-01,41.42,1522,2,82.84,2018,1,1,1
47,Aracaju,2018-01-01,80.46,1520,2,160.92,2018,1,1,1
48,Aracaju,2018-01-01,35.9,1521,8,287.2,2018,1,1,1
49,Aracaju,2018-01-01,53.74,1522,3,161.22,2018,1,1,1
50,Aracaju,2018-01-01,7.52,1522,5,37.599999999999994,2018,1,1,1
51,Aracaju,2018-01-01,40.58,1522,6,243.48,2018,1,1,1
52,Aracaju,2018-01-01,14.76,1520,3,44.28,2018,1,1,1
53,Aracaju,2018-01-01,8.64,1522,2,17.28,2018,1,1,1
54,Aracaju,2018-01-01,20.85,1523,1,20.85,2018,1,1,1
55,Aracaju,2018-01-01,67.23,1520,8,537.84,2018,1,1,1
56,Aracaju,2018-01-01,41.9,1523,6,251.39999999999998,2018,1,1,1
57,Aracaju,2018-01-01,23.49,1520,7,164.42999999999998,2018,1,1,1
58,Aracaju,2018-01-01,37.14,1520,7,259.98,2018,1,1,1
59,Aracaju,2018-01-01,15.07,1523,7,105.49000000000001,2018,1,1,1
60,Aracaju,2018-01-01,215.88,1521,3,647.64,2018,1,1,1
61,Aracaju,2018-01-01,39.8,1520,6,238.79999999999998,2018,1,1,1
62,Aracaju,2018-01-01,28.66,1520,3,85.98,2018,1,1,1
63,Aracaju,2018-01-01,39.87,1522,5,199.35,2018,1,1,1
64,Aracaju,2018-01-01,21.0,1523,5,105.0,2018,1,1,1
65,Aracaju,2018-01-01,145.54,1522,3,436.62,2018,1,1,1
66,Aracaju,2018-01-01,76.59,1523,4,306.36,2018,1,1,1
67,Aracaju,2018-01-01,78.13,1521,4,312.52,2018,1,1,1
68,Aracaju,2018-01-01,179.74,1520,2,359.48,2018,1,1,1
69,Aracaju,2018-01-01,15.81,1523,1,15.81,2018,1,1,1
70,Aracaju,2018-01-01,8.44,1523,9,75.96,2018,1,1,1
71,Aracaju,2018-01-01,228.27,1523,6,1369.6200000000001,2018,1,1,1
72,Aracaju,2018-01-01,168.95,1523,7,1182.6499999999999,2018,1,1,1
73,Aracaju,2018-01-01,159.78,1521,3,479.34000000000003,2018,1,1,1
74,Aracaju,2018-01-01,7.86,1520,2,15.72,2018,1,1,1
75,Aracaju,2018-01-01,160.64,1523,9,1445.7599999999998,2018,1,1,1
76,Aracaju,2018-01-01,33.51,1523,4,134.04,2018,1,1,1
77,Aracaju,2018-01-01,24.1,1522,1,24.1,2018,1,1,1
78,Aracaju,2018-01-01,154.85,1522,9,1393.6499999999999,2018,1,1,1
79,Aracaju,2018-01-01,5.59,1521,4,22.36,2018,1,1,1
80,Aracaju,2018-01-01,121.77,1523,3,365.31,2018,1,1,1
81,Aracaju,2018-01-01,53.41,1520,2,106.82,2018,1,1,1
82,Aracaju,2018-01-01,150.48,1522,4,601.92,2018,1,1,1
83,Aracaju,2018-01-01,14.44,1520,5,72.2,2018,1,1,1
84,Aracaju,2018-01-01,40.98,1520,5,204.89999999999998,2018,1,1,1
85,Aracaju,2018-01-01,15.17,1521,1,15.17,2018,1,1,1
86,Aracaju,2018-01-01,154.92,1521,5,774.5999999999999,2018,1,1,1
87,Aracaju,2018-01-01,116.71,1520,4,466.84,2018,1,1,1
88,Aracaju,2018-01-01,190.67,1521,5,953.3499999999999,2018,1,1,1
89,Aracaju,2018-01-01,10.15,1523,7,71.05,2018,1,1,1
90,Aracaju,2018-01-01,16.27,1522,1,16.27,2018,1,1,1
91,Aracaju,2018-01-01,200.85,1522,6,1205.1,2018,1,1,1
92,Aracaju,2018-01-01,37.46,1520,7,262.22,2018,1,1,1
93,Aracaju,2018-01-01,188.7,1523,1,188.7,2018,1,1,1
94,Aracaju,2018-01-01,198.24,1521,9,1784.16,2018,1,1,1
95,Aracaju,2018-01-01,127.43,1522,9,1146.8700000000001,2018,1,1,1
96,Aracaju,2018-01-01,85.92,1521,2,171.84,2018,1,1,1
97,Aracaju,2018-01-01,32.69,1521,5,163.45,2018,1,1,1
98,Aracaju,2018-01-01,138.33,1521,10,1383.3000000000002,2018,1,1,1
99,Aracaju,2018-01-01,139.32,1521,3,417.96,2018,1,1,1
100,Aracaju,2018-01-01,180.57,1520,6,1083.42,2018,1,1,1
101,Aracaju,2018-01-01,16.62,1520,9,149.58,2018,1,1,1
102,Aracaju,2018-01-01,7.29,1523,1,7.29,2018,1,1,1
103,Aracaju,2018-01-01,12.62,1522,3,37.86,2018,1,1,1
104,Aracaju,2018-01-01,46.96,1522,1,46.96,2018,1,1,1
105,Aracaju,2018-01-01,24.81,1520,5,124.05,2018,1,1,1
106,Aracaju,2018-01-01,16.32,1520,7,114.24000000000001,2018,1,1,1
107,Aracaju,2018-01-01,142.57,1523,3,427.71,2018,1,1,1
108,Aracaju,2018-01-01,31.94,1520,8,255.52,2018,1,1,1
109,Aracaju,2018-01-01,51.64,1523,5,258.2,2018,1,1,1
110,Aracaju,2018-01-01,38.15,1520,4,152.6,2018,1,1,1
111,Aracaju,2018-01-01,24.25,1523,1,24.25,2018,1,1,1
112,Aracaju,2018-01-01,4.52,1522,8,36.16,2018,1,1,1
113,Aracaju,2018-01-01,23.05,1521,9,207.45000000000002,2018,1,1,1
114,Aracaju,2018-01-01,10.17,1520,5,50.85,2018,1,1,1
115,Aracaju,2018-01-01,50.99,1522,10,509.90000000000003,2018,1,1,1
116,Aracaju,2018-01-01,48.44,1522,4,193.76,2018,1,1,1
117,Aracaju,2018-01-01,170.97,1521,4,683.88,2018,1,1,1
118,Aracaju,2018-01-01,3.34,1522,1,3.34,2018,1,1,1
119,Aracaju,2018-01-01,9.32,1523,6,55.92,2018,1,1,1
120,Aracaju,2018-01-01,7.73,1520,10,77.30000000000001,2018,1,1,1
121,Aracaju,2018-01-01,162.07,1520,3,486.21,2018,1,1,1
122,Aracaju,2018-01-01,38.49,1522,4,153.96,2018,1,1,1
123,Aracaju,2018-01-01,115.19,1523,6,691.14,2018,1,1,1
124,Aracaju,2018-01-01,139.64,1522,5,698.1999999999999,2018,1,1,1
125,Aracaju,2018-01-01,15.62,1522,2,31.24,2018,1,1,1
126,Aracaju,2018-01-01,13.41,1520,7,93.87,2018,1,1,1
127,Aracaju,2018-01-01,33.12,1522,9,298.08,2018,1,1,1
128,Aracaju,2018-01-01,37.49,1521,2,74.98,2018,1,1,1
129,Aracaju,2018-01-01,13.7,1522,6,82.19999999999999,2018,1,1,1
130,Fortaleza,2019-01-01,45.27,1002,2,90.54,2019,1,1,1
131,Fortaleza,2019-01-01,115.61,1002,3,346.83,2019,1,1,1
132,Fortaleza,2019-02-10,35.33,1004,3,105.99,2019,2,10,1
133,Fortaleza,2019-02-10,20.95,1004,6,125.69999999999999,2019,2,10,1
134,Fortaleza,2019-01-01,14.25,1004,6,85.5,2019,1,1,1
135,Fortaleza,2019-01-01,37.3,1002,5,186.5,2019,1,1,1
136,Fortaleza,2019-01-01,38.4,1003,4,153.6,2019,1,1,1
137,Fortaleza,2019-02-11,35.5,1003,2,71.0,2019,2,11,1
138,Fortaleza,2019-02-11,37.49,1005,1,37.49,2019,2,11,1
139,Fortaleza,2019-01-01,11.17,1002,6,67.02,2019,1,1,1
140,Fortaleza,2019-01-01,179.88,1002,4,719.52,2019,1,1,1
141,Fortaleza,2019-01-01,42.19,1003,3,126.57,2019,1,1,1
142,Fortaleza,2019-01-01,80.73,1004,2,161.46,2019,1,1,1
143,Fortaleza,2019-02-12,118.58,1003,4,474.32,2019,2,12,1
144,Fortaleza,2019-01-12,132.68,1005,1,132.68,2019,1,12,1
145,Fortaleza,2019-01-01,195.05,1002,2,390.1,2019,1,1,1
146,Fortaleza,2019-01-01,97.32,1002,5,486.59999999999997,2019,1,1,1
147,Fortaleza,2019-01-01,166.8,1004,1,166.8,2019,1,1,1
148,Fortaleza,2019-01-01,38.31,1002,3,114.93,2019,1,1,1
149,Fortaleza,2019-01-01,18.86,1002,3,56.58,2019,1,1,1
150,Fortaleza,2019-01-01,39.68,1003,2,79.36,2019,1,1,1
151,Fortaleza,2019-01-01,40.63,1004,3,121.89000000000001,2019,1,1,1
152,Fortaleza,2019-01-01,150.32,1005,1,150.32,2019,1,1,1
153,Fortaleza,2019-01-01,85.9,1004,5,429.5,2019,1,1,1
154,Fortaleza,2019-01-01,35.38,1005,4,141.52,2019,1,1,1
155,Fortaleza,2019-01-01,80.31,1004,4,321.24,2019,1,1,1
156,Fortaleza,2019-01-01,18.93,1005,2,37.86,2019,1,1,1
157,Fortaleza,2019-01-01,212.37,1003,6,1274.22,2019,1,1,1
158,Fortaleza,2019-01-01,34.88,1004,3,104.64000000000001,2019,1,1,1
159,Fortaleza,2019-01-01,186.29,1005,2,372.58,2019,1,1,1
160,Fortaleza,2019-01-01,39.13,1005,6,234.78000000000003,2019,1,1,1
161,Fortaleza,2019-01-01,23.46,1002,4,93.84,2019,1,1,1
162,Fortaleza,2019-01-01,43.33,1004,4,173.32,2019,1,1,1
163,Fortaleza,2019-01-01,19.56,1005,1,19.56,2019,1,1,1
164,Fortaleza,2019-01-01,3.1,1003,5,15.5,2019,1,1,1
165,Fortaleza,2019-01-01,133.97,1005,2,267.94,2019,1,1,1
166,Fortaleza,2019-01-01,36.31,1004,2,72.62,2019,1,1,1
167,Fortaleza,2019-01-01,35.86,1002,6,215.16,2019,1,1,1
168,Fortaleza,2019-01-01,35.09,1004,4,140.36,2019,1,1,1
169,Fortaleza,2019-01-01,176.51,1005,1,176.51,2019,1,1,1
170,Fortaleza,2019-02-13,19.13,1002,4,76.52,2019,2,13,1
171,Fortaleza,2019-02-13,191.29,1002,3,573.87,2019,2,13,1
172,Fortaleza,2019-01-01,38.71,1004,5,193.55,2019,1,1,1
173,Fortaleza,2019-01-01,191.52,1004,1,191.52,2019,1,1,1
174,Fortaleza,2019-01-01,215.11,1003,1,215.11,2019,1,1,1
175,Fortaleza,2019-01-01,39.63,1004,3,118.89000000000001,2019,1,1,1
176,Fortaleza,2019-01-01,6.45,1003,3,19.35,2019,1,1,1
177,Fortaleza,2019-01-01,13.45,1004,5,67.25,2019,1,1,1
178,Fortaleza,2019-01-01,40.71,1002,6,244.26,2019,1,1,1
179,Fortaleza,2019-01-01,183.33,1002,6,1099.98,2019,1,1,1
180,Fortaleza,2019-01-01,33.69,1005,3,101.07,2019,1,1,1
181,Fortaleza,2019-01-01,30.47,1005,3,91.41,2019,1,1,1
182,Fortaleza,2019-01-01,15.22,1003,2,30.44,2019,1,1,1
183,Fortaleza,2019-01-01,11.48,1002,4,45.92,2019,1,1,1
184,Fortaleza,2019-01-01,16.73,1002,5,83.65,2019,1,1,1
185,Fortaleza,2019-01-01,214.73,1002,4,858.92,2019,1,1,1
186,Fortaleza,2019-01-01,18.43,1002,1,18.43,2019,1,1,1
187,Fortaleza,2019-01-01,129.07,1005,3,387.21,2019,1,1,1
188,Fortaleza,2019-01-01,38.9,1004,4,155.6,2019,1,1,1
189,Fortaleza,2019-01-01,6.31,1002,3,18.93,2019,1,1,1
190,Fortaleza,2019-01-01,182.14,1002,4,728.56,2019,1,1,1
191,Fortaleza,2019-01-01,37.41,1002,5,187.04999999999998,2019,1,1,1
192,Fortaleza,2019-01-01,106.21,1005,6,637.26,2019,1,1,1
193,Fortaleza,2019-01-01,118.17,1004,1,118.17,2019,1,1,1
194,Fortaleza,2019-01-01,110.31,1005,4,441.24,2019,1,1,1
195,Fortaleza,2019-01-01,145.2,1005,2,290.4,2019,1,1,1
196,Fortaleza,2019-01-01,35.11,1005,6,210.66,2019,1,1,1
197,Fortaleza,2019-01-01,43.51,1003,1,43.51,2019,1,1,1
198,Fortaleza,2019-01-01,85.09,1005,6,510.54,2019,1,1,1
199,Fortaleza,2019-01-01,216.65,1003,6,1299.9,2019,1,1,1
200,Fortaleza,2019-01-01,79.57,1002,5,397.84999999999997,2019,1,1,1
201,Fortaleza,2019-01-01,41.89,1004,4,167.56,2019,1,1,1
202,Fortaleza,2019-01-01,106.72,1003,4,426.88,2019,1,1,1
203,Fortaleza,2019-01-01,3.1,1003,5,15.5,2019,1,1,1
204,Fortaleza,2019-01-01,163.09,1005,5,815.45,2019,1,1,1
205,Fortaleza,2019-01-01,19.99,1005,4,79.96,2019,1,1,1
206,Fortaleza,2019-01-01,38.61,1004,4,154.44,2019,1,1,1
207,Fortaleza,2019-01-01,167.64,1005,1,167.64,2019,1,1,1
208,Fortaleza,2019-01-01,37.66,1005,2,75.32,2019,1,1,1
209,Fortaleza,2019-01-01,41.25,1005,6,247.5,2019,1,1,1
210,Fortaleza,2019-01-01,47.88,1003,2,95.76,2019,1,1,1
211,Fortaleza,2019-01-01,10.68,1005,1,10.68,2019,1,1,1
212,Fortaleza,2019-01-01,14.03,1004,5,70.14999999999999,2019,1,1,1
213,Fortaleza,2019-01-01,3.88,1002,6,23.28,2019,1,1,1
214,Fortaleza,2019-01-01,147.46,1003,6,884.76,2019,1,1,1
215,Fortaleza,2019-01-01,149.0,1005,3,447.0,2019,1,1,1
216,Fortaleza,2019-01-01,42.11,1004,3,126.33,2019,1,1,1
217,Fortaleza,2019-01-01,42.04,1002,5,210.2,2019,1,1,1
218,Fortaleza,2019-01-01,68.6,1004,6,411.59999999999997,2019,1,1,1
219,Fortaleza,2019-01-01,7.19,1004,5,35.95,2019,1,1,1
220,Fortaleza,2019-01-01,18.01,1005,2,36.02,2019,1,1,1
221,Fortaleza,2019-01-01,37.49,1002,1,37.49,2019,1,1,1
222,Fortaleza,2019-01-01,3.49,1005,4,13.96,2019,1,1,1
223,Fortaleza,2019-01-01,35.25,1003,5,176.25,2019,1,1,1
224,Fortaleza,2019-01-01,150.49,1003,5,752.45,2019,1,1,1
225,Fortaleza,2019-01-01,35.28,1002,2,70.56,2019,1,1,1
226,Fortaleza,2019-01-01,23.31,1004,4,93.24,2019,1,1,1
227,Fortaleza,2019-01-01,139.7,1003,4,558.8,2019,1,1,1
228,Fortaleza,2019-01-01,15.0,1005,2,30.0,2019,1,1,1
229,Fortaleza,2019-01-01,9.01,1002,3,27.03,2019,1,1,1
230,Fortaleza,2019-01-01,18.58,1003,1,18.58,2019,1,1,1
231,Fortaleza,2019-01-01,11.67,1005,4,46.68,2019,1,1,1
232,Fortaleza,2019-01-01,13.99,1004,3,41.97,2019,1,1,1
233,Fortaleza,2019-01-01,142.57,1002,3,427.71,2019,1,1,1
234,Fortaleza,2019-01-01,40.5,1005,2,81.0,2019,1,1,1
235,Fortaleza,2019-01-01,174.66,1004,1,174.66,2019,1,1,1
236,Fortaleza,2019-01-01,28.42,1002,3,85.26,2019,1,1,1
237,Fortaleza,2019-01-01,21.9,1004,6,131.39999999999998,2019,1,1,1
238,Fortaleza,2019-03-02,152.89,981,4,611.56,2019,3,2,1
239,Fortaleza,2019-03-02,18.9,982,6,113.39999999999999,2019,3,2,1
240,Fortaleza,2019-03-02,51.98,983,6,311.88,2019,3,2,1
241,Fortaleza,2019-03-02,8.0,981,3,24.0,2019,3,2,1
242,Fortaleza,2019-03-02,133.59,982,1,133.59,2019,3,2,1
243,Fortaleza,2019-03-02,38.63,980,2,77.26,2019,3,2,1
244,Fortaleza,2019-03-02,16.82,983,4,67.28,2019,3,2,1
245,Fortaleza,2019-03-02,12.23,981,3,36.69,2019,3,2,1
246,Fortaleza,2019-03-02,79.1,982,2,158.2,2019,3,2,1
247,Fortaleza,2019-03-02,15.42,983,8,123.36,2019,3,2,1
248,Fortaleza,2019-03-02,17.7,981,5,88.5,2019,3,2,1
249,Fortaleza,2019-03-02,152.3,982,7,1066.1000000000001,2019,3,2,1
250,Fortaleza,2019-03-02,184.9,982,4,739.6,2019,3,2,1
251,Fortaleza,2019-03-02,41.55,981,3,124.64999999999999,2019,3,2,1
252,Fortaleza,2019-03-02,235.06,983,3,705.1800000000001,2019,3,2,1
253,Fortaleza,2019-03-02,20.22,981,6,121.32,2019,3,2,1
254,Fortaleza,2019-03-02,47.98,983,7,335.85999999999996,2019,3,2,1
255,Fortaleza,2019-03-02,37.6,983,4,150.4,2019,3,2,1
256,Fortaleza,2019-03-02,41.87,980,8,334.96,2019,3,2,1
257,Fortaleza,2019-03-02,39.56,982,8,316.48,2019,3,2,1
258,Fortaleza,2019-03-02,38.7,982,4,154.8,2019,3,2,1
259,Fortaleza,2019-03-02,35.34,982,7,247.38000000000002,2019,3,2,1
260,Fortaleza,2019-03-02,12.36,983,4,49.44,2019,3,2,1
261,Fortaleza,2019-03-02,139.07,982,6,834.42,2019,3,2,1
262,Fortaleza,2019-03-02,17.49,983,5,87.44999999999999,2019,3,2,1
263,Fortaleza,2019-03-02,14.67,980,7,102.69,2019,3,2,1
264,Fortaleza,2019-03-02,195.18,980,5,975.9000000000001,2019,3,2,1
265,Fortaleza,2019-03-02,10.79,983,5,53.949999999999996,2019,3,2,1
266,Fortaleza,2019-03-02,39.09,982,4,156.36,2019,3,2,1
267,Fortaleza,2019-03-02,51.99,983,3,155.97,2019,3,2,1
268,Fortaleza,2019-03-02,150.38,983,6,902.28,2019,3,2,1
269,Fortaleza,2019-03-02,141.16,980,7,988.12,2019,3,2,1
270,Fortaleza,2019-03-02,166.89,983,5,834.4499999999999,2019,3,2,1
271,Fortaleza,2019-03-02,182.75,983,8,1462.0,2019,3,2,1
272,Recife,2019-01-01,162.61,981,1,162.61,2019,1,1,1
273,Recife,2019-01-01,11.44,983,1,11.44,2019,1,1,1
274,Recife,2019-02-10,12.94,983,5,64.7,2019,2,10,1
275,Recife,2019-02-10,160.54,981,3,481.62,2019,2,10,1
276,Recife,2019-02-14,19.89,983,7,139.23000000000002,2019,2,14,1
277,Recife,2019-01-01,13.59,980,3,40.769999999999996,2019,1,1,1
278,Recife,2019-01-01,16.27,981,6,97.62,2019,1,1,1
279,Recife,2019-02-11,33.37,982,3,100.10999999999999,2019,2,11,1
280,Recife,2019-02-11,56.47,980,6,338.82,2019,2,11,1
281,Recife,2019-01-01,11.85,980,7,82.95,2019,1,1,1
282,Recife,2019-01-01,38.51,982,8,308.08,2019,1,1,1
283,Recife,2019-01-01,202.79,980,5,1013.9499999999999,2019,1,1,1
284,Recife,2019-01-01,17.48,982,2,34.96,2019,1,1,1
285,Recife,2019-02-12,15.33,983,5,76.65,2019,2,12,1
286,Recife,2019-01-12,102.91,982,3,308.73,2019,1,12,1
287,Recife,2019-01-01,7.45,981,2,14.9,2019,1,1,1
288,Recife,2019-01-01,19.95,980,8,159.6,2019,1,1,1
289,Recife,2019-02-14,142.45,981,3,427.34999999999997,2019,2,14,1
290,Recife,2019-01-01,49.4,980,5,247.0,2019,1,1,1
291,Recife,2019-01-01,199.43,983,7,1396.01,2019,1,1,1
292,Recife,2019-01-01,42.35,982,3,127.05000000000001,2019,1,1,1
293,Recife,2019-01-01,164.74,983,1,164.74,2019,1,1,1
294,Recife,2019-01-01,39.53,983,3,118.59,2019,1,1,1
295,Recife,2019-01-01,37.51,982,2,75.02,2019,1,1,1
296,Recife,2019-01-01,13.0,983,2,26.0,2019,1,1,1
297,Recife,2019-01-01,161.6,982,5,808.0,2019,1,1,1
298,Recife,2019-01-01,126.05,980,1,126.05,2019,1,1,1
299,Recife,2019-01-01,22.25,980,7,155.75,2019,1,1,1
300,Recife,2019-01-01,123.69,983,3,371.07,2019,1,1,1
301,Recife,2019-01-01,10.18,980,8,81.44,2019,1,1,1
302,Recife,2019-01-01,12.35,980,5,61.75,2019,1,1,1
303,Recife,2019-01-01,176.23,981,7,1233.61,2019,1,1,1
304,Recife,2019-01-01,15.93,982,7,111.50999999999999,2019,1,1,1
305,Recife,2019-01-01,32.33,982,1,32.33,2019,1,1,1
306,Recife,2019-01-01,24.97,980,5,124.85,2019,1,1,1
307,Recife,2019-01-01,148.9,983,1,148.9,2019,1,1,1
308,Recife,2019-01-01,146.62,983,6,879.72,2019,1,1,1
309,Recife,2019-01-01,136.36,980,7,954.5200000000001,2019,1,1,1
310,Recife,2019-01-01,104.53,983,4,418.12,2019,1,1,1
311,Recife,2019-01-01,143.58,981,3,430.74,2019,1,1,1
312,Recife,2019-02-13,36.22,983,6,217.32,2019,2,13,1
313,Recife,2019-02-13,157.78,981,4,631.12,2019,2,13,1
314,Recife,2019-01-01,161.45,983,3,484.34999999999997,2019,1,1,1
315,Recife,2019-01-01,22.29,983,7,156.03,2019,1,1,1
316,Recife,2019-01-01,142.21,983,8,1137.68,2019,1,1,1
317,Recife,2019-01-01,15.9,983,8,127.2,2019,1,1,1
318,Recife,2019-01-01,239.17,981,8,1913.36,2019,1,1,1
319,Recife,2019-01-01,8.6,983,3,25.799999999999997,2019,1,1,1
320,Recife,2019-01-01,141.19,980,7,988.3299999999999,2019,1,1,1
321,Recife,2019-01-01,122.55,981,1,122.55,2019,1,1,1
322,Recife,2019-01-01,7.24,983,4,28.96,2019,1,1,1
323,Recife,2019-01-01,146.95,982,2,293.9,2019,1,1,1
324,Recife,2019-01-01,11.87,981,6,71.22,2019,1,1,1
325,Recife,2019-01-01,37.05,983,6,222.29999999999998,2019,1,1,1
326,Recife,2019-01-01,23.43,982,7,164.01,2019,1,1,1
327,Recife,2019-01-01,20.03,983,4,80.12,2019,1,1,1
328,Recife,2019-01-01,7.98,983,5,39.900000000000006,2019,1,1,1
329,Recife,2019-01-01,201.41,980,3,604.23,2019,1,1,1
330,Recife,2019-01-01,8.02,983,2,16.04,2019,1,1,1
331,Recife,2019-01-01,89.39,983,5,446.95,2019,1,1,1
332,Recife,2019-01-01,37.97,983,1,37.97,2019,1,1,1
333,Recife,2019-01-01,127.85,982,7,894.9499999999999,2019,1,1,1
334,Recife,2019-01-01,23.04,983,6,138.24,2019,1,1,1
335,Recife,2019-01-01,37.95,980,2,75.9,2019,1,1,1
336,Recife,2019-01-01,89.32,983,2,178.64,2019,1,1,1
337,Recife,2019-01-01,4.01,981,1,4.01,2019,1,1,1
338,Recife,2019-01-01,14.59,983,7,102.13,2019,1,1,1
339,Recife,2019-01-01,179.52,983,5,897.6,2019,1,1,1
340,Recife,2019-01-01,175.45,980,3,526.3499999999999,2019,1,1,1
341,Recife,2019-01-01,38.83,981,1,38.83,2019,1,1,1
342,Recife,2019-01-01,20.4,983,7,142.79999999999998,2019,1,1,1
343,Recife,2019-01-01,138.69,983,3,416.07,2019,1,1,1
344,Recife,2019-01-01,42.32,982,2,84.64,2019,1,1,1
345,Recife,2019-01-01,39.71,981,5,198.55,2019,1,1,1
346,Recife,2019-01-01,38.79,983,6,232.74,2019,1,1,1
347,Recife,2019-01-01,170.29,981,8,1362.32,2019,1,1,1
348,Recife,2019-01-01,17.86,980,5,89.3,2019,1,1,1
349,Recife,2019-01-01,102.82,981,6,616.92,2019,1,1,1
350,Recife,2019-01-01,238.73,980,3,716.1899999999999,2019,1,1,1
351,Recife,2019-01-01,14.53,983,6,87.17999999999999,2019,1,1,1
352,Recife,2019-01-01,114.14,982,8,913.12,2019,1,1,1
353,Recife,2019-01-01,36.52,982,8,292.16,2019,1,1,1
354,Recife,2019-01-01,29.55,981,6,177.3,2019,1,1,1
355,Recife,2019-01-01,143.61,983,6,861.6600000000001,2019,1,1,1
356,Recife,2019-01-01,36.41,980,6,218.45999999999998,2019,1,1,1
357,Recife,2019-01-01,182.52,983,1,182.52,2019,1,1,1
358,Recife,2019-01-01,17.83,982,8,142.64,2019,1,1,1
359,Recife,2019-01-01,210.06,983,4,840.24,2019,1,1,1
360,Recife,2019-01-01,180.24,980,6,1081.44,2019,1,1,1
361,Recife,2019-01-01,18.11,980,3,54.33,2019,1,1,1
362,Recife,2019-01-01,16.04,980,1,16.04,2019,1,1,1
363,Recife,2019-01-01,150.58,982,6,903.48,2019,1,1,1
364,Recife,2019-01-01,163.02,981,4,652.08,2019,1,1,1
365,Recife,2019-01-01,17.45,980,6,104.69999999999999,2019,1,1,1
366,Recife,2019-01-01,24.7,982,3,74.1,2019,1,1,1
367,Recife,2019-01-01,40.03,982,3,120.09,2019,1,1,1
368,Recife,2019-01-01,165.36,982,7,1157.52,2019,1,1,1
369,Recife,2019-01-01,153.04,983,4,612.16,2019,1,1,1
370,Recife,2019-01-01,137.34,981,8,1098.72,2019,1,1,1
371,Recife,2019-01-01,136.72,980,4,546.88,2019,1,1,1
372,Recife,2019-01-01,35.11,982,4,140.44,2019,1,1,1
373,Recife,2019-01-01,172.55,983,7,1207.8500000000001,2019,1,1,1
374,Recife,2019-01-01,96.5,982,7,675.5,2019,1,1,1
375,Recife,2019-01-01,41.65,982,3,124.94999999999999,2019,1,1,1
376,Recife,2019-01-01,40.11,983,5,200.55,2019,1,1,1
377,Recife,2019-01-01,41.12,980,3,123.35999999999999,2019,1,1,1
378,Recife,2019-01-01,30.46,982,3,91.38,2019,1,1,1
379,Recife,2019-01-01,15.4,980,7,107.8,2019,1,1,1
380,Recife,2019-03-02,152.89,981,4,611.56,2019,3,2,1
381,Recife,2019-03-02,18.9,982,6,113.39999999999999,2019,3,2,1
382,Recife,2019-03-02,51.98,983,6,311.88,2019,3,2,1
383,Recife,2019-03-02,8.0,981,3,24.0,2019,3,2,1
384,Recife,2019-03-02,133.59,982,1,133.59,2019,3,2,1
385,Recife,2019-03-02,38.63,980,2,77.26,2019,3,2,1
386,Recife,2019-03-02,16.82,983,4,67.28,2019,3,2,1
387,Recife,2019-03-02,12.23,981,3,36.69,2019,3,2,1
388,Recife,2019-03-02,79.1,982,2,158.2,2019,3,2,1
389,Recife,2019-03-02,15.42,983,8,123.36,2019,3,2,1
390,Recife,2019-03-02,17.7,981,5,88.5,2019,3,2,1
391,Recife,2019-03-02,152.3,982,7,1066.1000000000001,2019,3,2,1
392,Recife,2019-03-02,184.9,982,4,739.6,2019,3,2,1
393,Recife,2019-03-02,41.55,981,3,124.64999999999999,2019,3,2,1
394,Recife,2019-03-02,235.06,983,3,705.1800000000001,2019,3,2,1
395,Recife,2019-03-02,20.22,981,6,121.32,2019,3,2,1
396,Recife,2019-03-02,47.98,983,7,335.85999999999996,2019,3,2,1
397,Recife,2019-03-02,37.6,983,4,150.4,2019,3,2,1
398,Recife,2019-03-02,41.87,980,8,334.96,2019,3,2,1
399,Recife,2019-03-02,39.56,982,8,316.48,2019,3,2,1
400,Recife,2019-03-02,38.7,982,4,154.8,2019,3,2,1
401,Recife,2019-03-02,35.34,982,7,247.38000000000002,2019,3,2,1
402,Recife,2019-03-02,12.36,983,4,49.44,2019,3,2,1
403,Recife,2019-03-02,139.07,982,6,834.42,2019,3,2,1
404,Recife,2019-03-02,17.49,983,5,87.44999999999999,2019,3,2,1
405,Recife,2019-03-02,14.67,980,7,102.69,2019,3,2,1
406,Recife,2019-03-02,195.18,980,5,975.9000000000001,2019,3,2,1
407,Recife,2019-03-02,10.79,983,5,53.949999999999996,2019,3,2,1
408,Recife,2019-03-02,39.09,982,4,156.36,2019,3,2,1
409,Recife,2019-03-02,51.99,983,3,155.97,2019,3,2,1
410,Recife,2019-03-02,150.38,983,6,902.28,2019,3,2,1
411,Recife,2019-03-02,141.16,980,7,988.12,2019,3,2,1
412,Recife,2019-03-02,166.89,983,5,834.4499999999999,2019,3,2,1
413,Recife,2019-03-02,182.75,983,8,1462.0,2019,3,2,1
414,Salvador,2018-01-01,31.06,1037,3,93.17999999999999,2018,1,1,1
415,Salvador,2018-01-01,19.02,1034,3,57.06,2018,1,1,1
416,Salvador,2019-02-10,173.59,1035,3,520.77,2019,2,10,1
417,Salvador,2019-02-10,176.34,1037,3,529.02,2019,2,10,1
418,Salvador,2019-02-14,19.47,1037,3,58.41,2019,2,14,1
419,Salvador,2019-01-01,179.2,1037,3,537.5999999999999,2019,1,1,1
420,Salvador,2019-01-01,36.3,1034,2,72.6,2019,1,1,1
421,Salvador,2019-02-11,6.13,1034,2,12.26,2019,2,11,1
422,Salvador,2019-02-11,4.96,1036,2,9.92,2019,2,11,1
423,Salvador,2019-01-01,127.92,1036,1,127.92,2019,1,1,1
424,Salvador,2019-01-01,30.97,1036,1,30.97,2019,1,1,1
425,Salvador,2019-01-01,30.62,1034,3,91.86,2019,1,1,1
426,Salvador,2019-01-01,125.05,1034,3,375.15,2019,1,1,1
427,Salvador,2019-02-12,39.29,1035,1,39.29,2019,2,12,1
428,Salvador,2019-01-12,109.01,1035,2,218.02,2019,1,12,1
429,Salvador,2019-01-01,20.15,1036,3,60.449999999999996,2019,1,1,1
430,Salvador,2019-01-01,32.47,1036,2,64.94,2019,1,1,1
431,Salvador,2019-02-14,158.66,1037,1,158.66,2019,2,14,1
432,Salvador,2019-01-01,242.31,1035,1,242.31,2019,1,1,1
433,Salvador,2019-01-01,167.12,1035,1,167.12,2019,1,1,1
434,Salvador,2019-01-01,33.97,1034,3,101.91,2019,1,1,1
435,Salvador,2019-01-01,39.72,1035,3,119.16,2019,1,1,1
436,Salvador,2019-01-01,32.57,1035,1,32.57,2019,1,1,1
437,Salvador,2019-01-01,193.2,1036,3,579.5999999999999,2019,1,1,1
438,Salvador,2019-01-01,15.6,1034,2,31.2,2019,1,1,1
439,Salvador,2019-01-01,220.62,1035,1,220.62,2019,1,1,1
440,Salvador,2019-01-01,183.45,1036,3,550.3499999999999,2019,1,1,1
441,Salvador,2019-01-01,145.79,1034,1,145.79,2019,1,1,1
442,Salvador,2019-01-01,162.34,1035,2,324.68,2019,1,1,1
443,Salvador,2019-01-01,9.27,1034,1,9.27,2019,1,1,1
444,Salvador,2019-01-01,47.96,1034,2,95.92,2019,1,1,1
445,Salvador,2019-01-01,202.25,1035,2,404.5,2019,1,1,1
446,Salvador,2019-01-01,151.27,1035,1,151.27,2019,1,1,1
447,Salvador,2019-01-01,144.19,1035,2,288.38,2019,1,1,1
448,Salvador,2019-01-01,36.54,1037,3,109.62,2019,1,1,1
449,Salvador,2019-01-01,241.45,1037,1,241.45,2019,1,1,1
450,Salvador,2019-01-01,9.67,1037,1,9.67,2019,1,1,1
451,Salvador,2019-01-01,18.31,1036,3,54.92999999999999,2019,1,1,1
452,Salvador,2019-01-01,165.34,1034,3,496.02,2019,1,1,1
453,Salvador,2019-01-01,165.95,1036,3,497.84999999999997,2019,1,1,1
454,Salvador,2019-02-13,161.87,1036,3,485.61,2019,2,13,1
455,Salvador,2019-02-13,9.86,1035,2,19.72,2019,2,13,1
456,Salvador,2019-01-01,44.28,1034,1,44.28,2019,1,1,1
457,Salvador,2019-01-01,12.21,1034,1,12.21,2019,1,1,1
458,Salvador,2019-01-01,43.26,1037,2,86.52,2019,1,1,1
459,Salvador,2019-01-01,175.25,1035,3,525.75,2019,1,1,1
460,Salvador,2019-01-01,34.84,1034,3,104.52000000000001,2019,1,1,1
461,Salvador,2019-01-01,190.03,1036,2,380.06,2019,1,1,1
462,Salvador,2019-01-01,127.28,1035,2,254.56,2019,1,1,1
463,Salvador,2019-01-01,37.88,1034,2,75.76,2019,1,1,1
464,Salvador,2019-01-01,44.87,1036,3,134.60999999999999,2019,1,1,1
465,Salvador,2019-01-01,13.37,1037,2,26.74,2019,1,1,1
466,Salvador,2019-01-01,43.77,1036,2,87.54,2019,1,1,1
467,Salvador,2019-01-01,39.5,1035,3,118.5,2019,1,1,1
468,Salvador,2019-01-01,46.54,1037,3,139.62,2019,1,1,1
469,Salvador,2019-01-01,36.62,1036,1,36.62,2019,1,1,1
470,Salvador,2019-01-01,178.44,1035,3,535.3199999999999,2019,1,1,1
471,Salvador,2019-01-01,11.72,1035,1,11.72,2019,1,1,1
472,Salvador,2019-01-01,20.64,1037,2,41.28,2019,1,1,1
473,Salvador,2019-01-01,138.27,1034,2,276.54,2019,1,1,1
474,Salvador,2019-01-01,96.01,1034,2,192.02,2019,1,1,1
475,Salvador,2019-01-01,4.54,1036,3,13.620000000000001,2019,1,1,1
476,Salvador,2019-01-01,161.02,1037,3,483.06000000000006,2019,1,1,1
477,Salvador,2019-01-01,166.59,1036,1,166.59,2019,1,1,1
478,Salvador,2019-01-01,37.96,1037,3,113.88,2019,1,1,1
479,Salvador,2019-01-01,3.39,1034,2,6.78,2019,1,1,1
480,Salvador,2019-01-01,70.2,1035,3,210.60000000000002,2019,1,1,1
481,Salvador,2019-01-01,36.89,1037,2,73.78,2019,1,1,1
482,Salvador,2019-01-01,162.35,1037,3,487.04999999999995,2019,1,1,1
483,Salvador,2019-01-01,14.79,1035,1,14.79,2019,1,1,1
484,Salvador,2019-01-01,39.06,1034,3,117.18,2019,1,1,1
485,Salvador,2019-01-01,21.36,1035,2,42.72,2019,1,1,1
486,Salvador,2019-01-01,149.47,1036,3,448.40999999999997,2019,1,1,1
487,Salvador,2019-01-01,8.39,1037,1,8.39,2019,1,1,1
488,Salvador,2019-01-01,170.53,1035,2,341.06,2019,1,1,1
489,Salvador,2019-01-01,155.52,1034,1,155.52,2019,1,1,1
490,Salvador,2019-01-01,39.51,1035,3,118.53,2019,1,1,1
491,Salvador,2019-01-01,218.76,1037,1,218.76,2019,1,1,1
492,Salvador,2019-01-01,111.2,1036,3,333.6,2019,1,1,1
493,Salvador,2019-01-01,19.02,1034,2,38.04,2019,1,1,1
494,Salvador,2019-01-01,40.24,1036,2,80.48,2019,1,1,1
495,Salvador,2019-01-01,17.36,1037,2,34.72,2019,1,1,1
496,Salvador,2019-01-01,207.88,1035,1,207.88,2019,1,1,1
497,Salvador,2019-01-01,63.66,1036,2,127.32,2019,1,1,1
498,Salvador,2019-01-01,22.99,1036,1,22.99,2019,1,1,1
499,Salvador,2019-01-01,16.88,1035,3,50.64,2019,1,1,1
500,Salvador,2019-01-01,156.47,1037,3,469.40999999999997,2019,1,1,1
501,Salvador,2019-01-01,135.19,1034,2,270.38,2019,1,1,1
502,Salvador,2019-01-01,31.2,1036,1,31.2,2019,1,1,1
503,Salvador,2019-01-01,17.46,1034,1,17.46,2019,1,1,1
504,Salvador,2019-01-01,100.54,1036,2,201.08,2019,1,1,1
505,Salvador,2019-01-01,17.74,1035,1,17.74,2019,1,1,1
506,Salvador,2019-01-01,4.57,1035,1,4.57,2019,1,1,1
507,Salvador,2019-01-01,15.58,1037,1,15.58,2019,1,1,1
508,Salvador,2019-01-01,33.24,1037,1,33.24,2019,1,1,1
509,Salvador,2019-01-01,5.13,1035,1,5.13,2019,1,1,1
510,Salvador,2019-01-01,42.94,1034,3,128.82,2019,1,1,1
511,Salvador,2019-01-01,39.91,1037,3,119.72999999999999,2019,1,1,1
512,Salvador,2019-01-01,231.76,1036,3,695.28,2019,1,1,1
513,Salvador,2019-01-01,40.38,1037,1,40.38,2019,1,1,1
514,Salvador,2019-01-01,190.97,1036,2,381.94,2019,1,1,1
515,Salvador,2019-01-01,32.28,1035,3,96.84,2019,1,1,1
516,Salvador,2019-01-01,40.84,1034,3,122.52000000000001,2019,1,1,1
517,Salvador,2019-01-01,191.6,1034,1,191.6,2019,1,1,1
518,Salvador,2019-01-01,188.79,1036,3,566.37,2019,1,1,1
519,Salvador,2019-01-01,32.83,1037,1,32.83,2019,1,1,1
520,Salvador,2019-01-01,149.19,1035,2,298.38,2019,1,1,1
521,Salvador,2019-01-01,14.7,1035,1,14.7,2019,1,1,1
522,Salvador,2019-03-02,11.72,1037,1,11.72,2019,3,2,1
523,Salvador,2019-03-02,124.37,1035,1,124.37,2019,3,2,1
524,Salvador,2019-03-02,185.93,1036,3,557.79,2019,3,2,1
525,Salvador,2019-03-02,147.35,1037,2,294.7,2019,3,2,1
526,Salvador,2019-03-02,43.0,1036,3,129.0,2019,3,2,1
527,Salvador,2019-03-02,18.9,1034,3,56.699999999999996,2019,3,2,1
528,Salvador,2019-03-02,25.52,1034,1,25.52,2019,3,2,1
529,Salvador,2019-03-02,202.33,1035,2,404.66,2019,3,2,1
530,Salvador,2019-03-02,41.78,1034,3,125.34,2019,3,2,1
531,Salvador,2019-03-02,39.41,1034,1,39.41,2019,3,2,1
532,Salvador,2019-03-02,92.21,1035,2,184.42,2019,3,2,1
533,Salvador,2019-03-02,136.37,1034,2,272.74,2019,3,2,1
534,Salvador,2019-03-02,140.17,1036,2,280.34,2019,3,2,1
535,Salvador,2019-03-02,100.7,1037,3,302.1,2019,3,2,1
536,Salvador,2019-03-02,13.27,1037,1,13.27,2019,3,2,1
537,Salvador,2019-03-02,127.45,1036,3,382.35,2019,3,2,1
538,Salvador,2019-03-02,44.82,1034,3,134.46,2019,3,2,1
539,Salvador,2019-03-02,25.0,1037,2,50.0,2019,3,2,1
540,Salvador,2019-03-02,41.69,1036,2,83.38,2019,3,2,1
541,Salvador,2019-03-02,240.61,1035,3,721.83,2019,3,2,1
542,Salvador,2019-03-02,36.84,1034,1,36.84,2019,3,2,1
543,Salvador,2019-03-02,125.66,1037,1,125.66,2019,3,2,1
544,Salvador,2019-03-02,59.78,1036,1,59.78,2019,3,2,1
545,Salvador,2019-03-02,63.48,1037,3,190.44,2019,3,2,1
546,Salvador,2019-03-02,19.61,1036,2,39.22,2019,3,2,1
547,Salvador,2019-03-02,153.71,1035,1,153.71,2019,3,2,1
548,Salvador,2019-03-02,125.9,1036,1,125.9,2019,3,2,1
549,Salvador,2019-03-02,9.95,1037,3,29.849999999999998,2019,3,2,1
550,Salvador,2019-03-02,13.81,1036,1,13.81,2019,3,2,1
551,Salvador,2019-03-02,51.66,1036,3,154.98,2019,3,2,1
552,Salvador,2019-03-02,212.03,1037,3,636.09,2019,3,2,1
553,Salvador,2019-03-02,169.01,1036,1,169.01,2019,3,2,1
554,Salvador,2019-03-02,20.79,1036,2,41.58,2019,3,2,1
555,Salvador,2019-03-02,9.08,1036,1,9.08,2019,3,2,1
556,Salvador,2019-01-02,7.12,1034,1,7.12,2019,1,2,1
557,Salvador,2019-01-02,41.18,1037,2,82.36,2019,1,2,1
558,Salvador,2019-01-02,23.38,1034,1,23.38,2019,1,2,1
559,Salvador,2019-01-02,84.62,1034,2,169.24,2019,1,2,1
560,Salvador,2019-01-02,149.88,1037,1,149.88,2019,1,2,1
561,Salvador,2019-01-02,34.5,1035,1,34.5,2019,1,2,1
562,Salvador,2019-01-02,40.59,1037,3,121.77000000000001,2019,1,2,1
563,Salvador,2019-01-02,22.38,1034,3,67.14,2019,1,2,1
564,Salvador,2019-01-02,11.13,1035,2,22.26,2019,1,2,1
565,Salvador,2019-01-02,14.63,1035,1,14.63,2019,1,2,1
566,Salvador,2019-01-02,20.07,1035,1,20.07,2019,1,2,1
567,Salvador,2019-01-02,17.41,1035,2,34.82,2019,1,2,1
568,Salvador,2019-01-02,9.58,1037,1,9.58,2019,1,2,1
569,Salvador,2019-01-02,237.81,1036,3,713.4300000000001,2019,1,2,1
570,Salvador,2019-01-02,36.14,1037,3,108.42,2019,1,2,1
571,Salvador,2019-01-02,150.17,1036,2,300.34,2019,1,2,1
572,Salvador,2019-01-02,183.64,1037,3,550.92,2019,1,2,1
573,Salvador,2019-01-02,172.52,1035,1,172.52,2019,1,2,1
574,Salvador,2019-01-02,11.76,1034,1,11.76,2019,1,2,1
575,Salvador,2019-01-02,5.8,1036,1,5.8,2019,1,2,1
576,Salvador,2019-01-02,23.08,1036,2,46.16,2019,1,2,1
577,Salvador,2019-01-02,17.66,1036,3,52.980000000000004,2019,1,2,1
578,Salvador,2019-01-02,6.59,1035,1,6.59,2019,1,2,1
579,Salvador,2019-01-02,11.54,1037,1,11.54,2019,1,2,1
580,Salvador,2019-01-02,111.72,1035,3,335.15999999999997,2019,1,2,1
581,Salvador,2019-01-02,36.42,1037,1,36.42,2019,1,2,1
582,Salvador,2019-01-02,20.22,1036,1,20.22,2019,1,2,1
583,Salvador,2019-01-02,166.73,1037,2,333.46,2019,1,2,1
584,Salvador,2019-01-02,9.26,1035,3,27.78,2019,1,2,1
585,Salvador,2019-01-02,136.45,1035,3,409.34999999999997,2019,1,2,1
586,Salvador,2019-01-02,6.7,1035,1,6.7,2019,1,2,1
587,Salvador,2019-01-02,31.77,1034,2,63.54,2019,1,2,1
588,Salvador,2019-01-02,35.3,1037,1,35.3,2019,1,2,1
589,Salvador,2019-01-02,16.53,1036,2,33.06,2019,1,2,1
590,Salvador,2019-01-02,19.42,1035,3,58.260000000000005,2019,1,2,1
591,Salvador,2019-01-02,41.19,1037,2,82.38,2019,1,2,1
592,Salvador,2019-01-02,39.28,1037,3,117.84,2019,1,2,1
593,Salvador,2019-01-02,64.95,1036,1,64.95,2019,1,2,1
594,Salvador,2019-01-02,116.63,1035,2,233.26,2019,1,2,1
595,Salvador,2019-01-02,244.83,1037,2,489.66,2019,1,2,1
596,Salvador,2019-01-02,6.6,1037,2,13.2,2019,1,2,1
597,Salvador,2019-01-02,120.23,1037,2,240.46,2019,1,2,1
598,Salvador,2019-01-02,167.16,1037,1,167.16,2019,1,2,1
599,Salvador,2019-01-02,6.67,1036,1,6.67,2019,1,2,1
600,Salvador,2019-01-02,169.09,1036,2,338.18,2019,1,2,1
601,Salvador,2019-01-02,3.85,1035,3,11.55,2019,1,2,1
602,Salvador,2019-01-02,178.11,1035,3,534.33,2019,1,2,1
603,Salvador,2019-01-02,139.73,1037,2,279.46,2019,1,2,1
604,Salvador,2019-01-02,78.78,1035,3,236.34,2019,1,2,1
605,Salvador,2019-01-02,173.59,1034,2,347.18,2019,1,2,1
606,Salvador,2019-01-02,166.51,1036,1,166.51,2019,1,2,1
607,Salvador,2019-01-02,3.97,1036,2,7.94,2019,1,2,1
608,Salvador,2019-01-02,156.47,1035,1,156.47,2019,1,2,1
609,Salvador,2019-01-02,44.89,1036,3,134.67000000000002,2019,1,2,1
610,Salvador,2019-01-02,145.09,1036,2,290.18,2019,1,2,1
611,Salvador,2019-01-02,10.45,1036,2,20.9,2019,1,2,1
612,Salvador,2019-01-02,13.65,1037,3,40.95,2019,1,2,1
613,Salvador,2019-01-02,153.87,1036,3,461.61,2019,1,2,1
614,Salvador,2019-01-02,41.06,1035,1,41.06,2019,1,2,1
615,Salvador,2019-01-02,86.61,1036,1,86.61,2019,1,2,1
616,Salvador,2019-01-02,22.45,1036,1,22.45,2019,1,2,1
617,Salvador,2019-01-02,37.75,1035,2,75.5,2019,1,2,1
618,Salvador,2019-01-02,151.41,1037,2,302.82,2019,1,2,1
619,Salvador,2019-01-02,196.09,1037,1,196.09,2019,1,2,1
620,Salvador,2019-01-02,151.45,1036,2,302.9,2019,1,2,1
621,Salvador,2019-01-02,46.7,1036,2,93.4,2019,1,2,1
622,Salvador,2019-01-02,39.4,1036,3,118.19999999999999,2019,1,2,1
623,Salvador,2019-01-02,69.98,1034,2,139.96,2019,1,2,1
624,Salvador,2019-01-02,197.64,1035,1,197.64,2019,1,2,1
625,Salvador,2019-01-02,141.05,1035,3,423.15000000000003,2019,1,2,1
626,Salvador,2019-01-02,50.73,1037,3,152.19,2019,1,2,1
627,Salvador,2019-01-02,42.12,1035,1,42.12,2019,1,2,1
628,Salvador,2019-01-02,54.94,1036,2,109.88,2019,1,2,1
629,Salvador,2019-01-02,203.84,1036,1,203.84,2019,1,2,1
630,Salvador,2019-01-02,5.82,1035,1,5.82,2019,1,2,1
631,Salvador,2019-01-02,37.65,1036,2,75.3,2019,1,2,1
632,Salvador,2019-01-02,189.12,1036,3,567.36,2019,1,2,1
633,Salvador,2019-01-02,19.67,1037,2,39.34,2019,1,2,1
634,Salvador,2019-01-02,42.71,1035,1,42.71,2019,1,2,1
635,Salvador,2019-01-02,142.23,1035,2,284.46,2019,1,2,1
636,Salvador,2019-01-02,43.96,1037,1,43.96,2019,1,2,1
637,Salvador,2019-01-02,40.51,1037,2,81.02,2019,1,2,1
638,Salvador,2019-01-02,178.3,1035,3,534.9000000000001,2019,1,2,1
639,Salvador,2019-01-02,36.23,1035,1,36.23,2019,1,2,1
640,Salvador,2019-01-02,38.32,1035,2,76.64,2019,1,2,1
641,Salvador,2019-01-02,14.7,1035,1,14.7,2019,1,2,1
642,Salvador,2019-01-02,6.87,1037,3,20.61,2019,1,2,1
643,Salvador,2019-01-02,43.08,1036,2,86.16,2019,1,2,1
644,Salvador,2019-01-03,184.69,1036,1,184.69,2019,1,3,1
645,Salvador,2019-01-03,89.85,1034,2,179.7,2019,1,3,1
646,Salvador,2019-01-03,167.76,1034,3,503.28,2019,1,3,1
647,Salvador,2019-01-03,172.4,1036,2,344.8,2019,1,3,1
648,Salvador,2019-01-03,48.39,1035,2,96.78,2019,1,3,1
649,Salvador,2019-01-03,41.84,1034,1,41.84,2019,1,3,1
650,Salvador,2019-01-03,126.29,1035,3,378.87,2019,1,3,1
651,Salvador,2019-01-03,38.06,1036,3,114.18,2019,1,3,1
652,Salvador,2019-01-03,139.64,1035,1,139.64,2019,1,3,1
653,Salvador,2019-01-03,161.41,1037,3,484.23,2019,1,3,1
